type,name,year,source,,,
计算机,深入浅出数据分析,,,,,
计算机,Python核心编程,,,,,
计算机,单页Web应用,2019,,,,
计算机,集体智慧编程,,,,,
计算机,Javascript基础教程,,,,,
计算机,Angular权威编程,,,,,
计算机,Android编程权威指南,,,,,
计算机,MySQL必知必会,,,,,
计算机,java与模式,,,,,
计算机,Linux私房菜,,,,,
计算机,Javascript高级程序设计,,,,,
计算机,精通IOS开发,,,,,
计算机,大型网站技术架构,,,,,
计算机,架构实战,,,,,
计算机,Java SOA Cookbook,,,,,
计算机,EJB,X,,,,
计算机,精通QTP,,,,,
计算机,重构,√,,,,
计算机,Spring in Action,√,,,,
计算机,Java并发编程实战,√,,,,
计算机,深入剖析Tomcat,√,,,,
计算机,Struts2技术内幕,X,,,,
计算机,企业应用架构模式,,,,,
计算机,Spring攻略,√,,,,
计算机,算法竞赛入门经典,,,,,
计算机,IOS编程,,,,,
计算机,CSS禅意花园,,,,,
计算机,Python极客项目编程,,,,,
计算机,Spring Boot实战,,,,,
计算机,深入理解java虚拟机,√,,,,
计算机,第一本Docker书,√,,,,
计算机,Java 8,,,,,
计算机,流畅的Python,,,,,
计算机,码书：编码与解码的战争,TODO,,,,
计算机,机器学习实战,TODO,,,,
计算机,深度学习入门,TODO,,,,
计算机,javascript权威指南6版,TODO,,,,
论述,新数据常态,TODO,,,,
论述,决战大数据,TODO,,,,
论述,数据之美,TODO,,,,
论述,这才是最好的数学书,TODO,,,,
论述,君主论,TODO,,,,
论述,心灵的面具,TODO,,,,
论述,生命是什么,TODO,,,,
论述,Fortune Maker,TODO,,,,
论述,章太炎国学讲义,TODO,,,,
论述,技术与文明,TODO,,,,
论述,重口味心理学,TODO,,,,
论述,摄影讲习所,TODO,,,,
论述,科技想要什么,TODO,,,,
论述,黑旗ISIS的崛起,TODO,,,,
论述,重新发现社会,TODO,,,,
论述,万物解释者,TODO,,,,
论述,Asia’s Reckoning,TODO,,,,
论述,四方食事,TODO,,,,
论述,时间简史,2019,Kindle,,,
论述,果壳中的宇宙,TODO,,,,
论述,大设计,TODO,,,,
论述,我的简史,TODO,,,,
论述,黑洞不是黑的,TODO,,,,
论述,伟大的未知世界,TODO,,,,
论述,身份的焦虑,TODO,,,,
论述,资本主义社会的17个矛盾,TODO,,,,
论述,潜意识,TODO,,,,
论述,谈判,TODO,,,,
论述,孙子兵法,TODO,,,,
论述,乌合之众,TODO,,,,
论述,人生的智慧,TODO,,,,
论述,经济史的趣味,TODO,,,,
论述,幸福的建筑,TODO,,,,
论述,赢,TODO,,,,
论述,大连接,TODO,,,,
论述,与爱因斯坦月球漫步,TODO,,,,
论述,拖拉一点也无妨,TODO,,,,
论述,魔鬼数学,2018,Kindle,,,
论述,数学女孩（1，2，3）,TODO,,,,
论述,大败局,TODO,,,,
论述,楞严经,TODO,,,,
论述,哲学起步,TODO,,,,
论述,消失的微生物,TODO,,,,
论述,乌政府、国家和乌托邦,TODO,,,,
论述,困顿与突围,TODO,,,,
论述,麻省理工深度思考法,TODO,,,,
论述,钟爱华传,TODO,,,,
论述,神经的逻辑,TODO,,,,
论述,当下的力量,2018,Kindle,,,
论述,认识商业,2019,Kindle,,,
论述,认知心理学,TODO,,,,
论述,七堂思维成长课,TODO,,,,
论述,情绪勒索,TODO,,,,
论述,论摄影,TODO,,,,
论述,极客物理学,TODO,,,,
论述,鞋狗,2019,Kindle,,,
论述,系统之美,TODO,,,,
论述,非暴力沟通,2019,Kindle,,,
论述,决策与判断的科学,TODO,,,,
论述,写给大家看的设计书,2019,图书馆,,,
论述,精进,TODO,,,,
论述,如果没有今天，明天会不会有昨天,TODO,,,,
论述,经济学的思维方式,2018,Kindle,,,
论述,失控,2012,,,,
论述,优势谈判,2014,,,,
论述,牛奶可乐经济学,2012,,,,
论述,黑客与画家,2014,Kindle,,,
论述,爱上浪漫,2012,Kindle,,,
论述,男人来自火星，女人来自金星,2012,Kindle,,,
论述,旅行的艺术,2018,Kindle,,,
论述,断舍离,2018,Kindle,,,
论述,大数据时代,2018,Kindle,,,
论述,从一到无穷大,2018,,,,
论述,世界美术名作20讲,2018,,,,
论述,X的奇幻之旅,2018,Kindle,,,
论述,高频交易员,2018,Kindle,,,
论述,思考快与慢,2018,Kindle,,,
论述,穷查理宝典,2018,Kindle,,,
论述,影响力,2018,Kindle,,,
论述,上帝掷骰子吗,2018,Kindle,,,
论述,暗网,2018,Kindle,,,
论述,你不懂咖啡,2017,,,,
论述,你不懂葡萄酒,2017,,,,
论述,金刚经说什么,2017,,,,
论述,带一本书去巴黎,2017,,,,
论述,如何阅读一本书,2017,Kindle,,,
论述,哲学家们都干了些什么,2017,Kindle,,,
论述,菊与刀,2017,Kindle,,,
论述,聪明的投资者,2016,Kindle,,,
论述,所罗门王的指环,2018,,,,
论述,阅读是一座随身携带的避难所,2018,Kindle,,,
论述,东北游记,2018,Kindle,,,
论述,改变心理学的40项研究,TODO,,,,
论述,医生的精进,TODO,,,,
论述,国学大纲,TODO,,,,
论述,你跑的可以更快,2019,Kindle,,,
论述,世界咖啡学,TODO,,,,
论述,游戏改变世界,TODO,,,,
论述,潜规则,Hold,,,,
论述,第五项修炼：学习型组织的艺术与实践,TODO,,,,
论述,历代经济变革得失,TODO,,,,
论述,人性的枷锁,TODO,,,,
论述,物理世界奇遇记,TODO,,,,
论述,大历史 小世界,TODO,,,,
论述,来自新世界,TODO,,,,
论述,脑与阅读,TODO,,,,
论述,七堂极简物理课,2019,Kindle,,,
论述,生命密码,TODO,,,,
论述,神秘的量子生命,TODO,,,,
论述,网络是怎样连接的,TODO,,,,
论述,现实不似你所见,TODO,,,,
论述,穷爸爸 富爸爸,TODO,,,,
论述,金钱永不眠,TODO,,,,
论述,科学的极致：漫谈人工智能,TODO,,,,
论述,蚂蚁金服,2019,Kindle,,,
论述,千年金融史,TODO,,,,
论述,薛兆丰经济学讲义,TODO,,,,
论述,红星照耀中国,TODO,,,,
论述,平常的恶,TODO,,,,
论述,鱼什么都知道,TODO,,,,
论述,故事,TODO,,,,
论述,这样写出好故事,TODO,,,,
论述,香农传,TODO,,,,
论述,从东方到西方,TODO,,,,
论述,十一枚戒指,TODO,,,,
论述,传习录,TODO,,,,
论述,基本穿搭,TODO,,,,
论述,箭术与禅心,TODO,,,,
论述,焦虑急救,TODO,,,,
论述,认识经济,TODO,,,,
论述,三十六骑,TODO,,,,
论述,助推,TODO,,,,
论述,彼得林奇投资,TODO,,,,
论述,拉伸运动系统训练,2019,Kindle,,,
论述,论文与治学,TODO,,,,
论述,美国政治,TODO,,,,
论述,完美的真空,TODO,,,,
论述,正念的奇迹,TODO,,,,
论述,转行,2019,Kindle,,,
论述,坏血,TODO,,,,
论述,平等之路,TODO,,,,
论述,棉花帝国,TODO,,,,
论述,黑箱,TODO,,,,
论述,美国陷阱,TODO,,,,
论述,巴菲特之道,TODO,,,,
论述,巴菲特致股东的信,TODO,,,,
论述,切尔诺贝利的祈祷,TODO,,,,
论述,被掩盖的原罪,TODO,,,,
论述,印度佛教史,TODO,,,,
论述,被掩盖的原罪,TODO,,,,
论述,万有引力之虹,TODO,,,,
论述,娱乐至死,2019,Kindle,,,
论述,解码区块链6册,TODO,,,,
论述,企业生命周期,TODO,,,,
论述,新一轮产业革命,TODO,,,,
论述,把时间当朋友,TODO,,,,
论述,大屠杀：根源、历史与余波,TODO,,,,
论述,能力陷阱,TODO,,,,
论述,人类2.0,TODO,,,,
论述,如何学习,2019,Kindle,,,
论述,宇宙从何而来,TODO,,,,
论述,瞩望新轴心时代,TODO,,,,
论述,秘书工作手记,TODO,,,,
论述,鸟类的天赋,TODO,,,,
论述,时间之问,TODO,,,,
论述,硬球,2019,Kindle,,,
论述,一想到还有95%的问题留给人类我就放心了,TODO,,,,
论述,被诅咒的部分,TODO,,,,
论述,人鼠之间,TODO,,,,
论述,随机漫步的傻瓜,TODO,,,,
论述,地下,TODO,,,,
论述,解局：民国及建国初期的政局演变史,TODO,,,,
论述,如何畅享啤酒,TODO,,,,
论述,一本书读懂财报,TODO,,,,
论述,如何聊电影,TODO,,,,
论述,如何欣赏一部电影,TODO,,,,
论述,电影是什么,TODO,,,,
论述,重新定义公司,TODO,,,,
论述,创业维艰,2019,Kindle,,,
论述,奇点系列中国行,TODO,,,,
论述,原则,TODO,,,,
论述,地下鲍勃迪伦与老美国,TODO,,,,
论述,浪潮之巅,TODO,,,,
论述,十堂极简概率课,TODO,,,,
论述,时间的秩序,2019,Kindle,,,
论述,现实不似你所说,TODO,,,,
论述,脑洞大开微积分,2019,Kindle,,,
论述,汽车时如何跑起来的,TODO,,,,
论述,区块链技术驱动金融,2019,Kindle,,,
论述,货币简史,TODO,,,,
论述,就业、利息和货币通论,TODO,,,,
论述,麦肯锡教我的谈判武器,TODO,,,,
论述,人类货币史,TODO,,,,
历史,丝绸之路,2017,,,,
历史,中国通史,2017,,,,
历史,东大爸爸写给孩子的日本史,2018,,,,
历史,罗马人的故事（1）,2014,,,,
历史,万历十五年,2017,,,,
历史,项羽与刘邦,2012,,,,
历史,三国史话,2017,,,,
历史,明朝那些事,2014,Kindle,,,
历史,枪炮病菌与钢铁,2017,Kindle,,,
历史,你一定爱读的极简欧洲史,2012,Kindle,,,
历史,李鸿章传,2014,Kindle,,,
历史,左宗棠：帝国最后的鹰派,2014,Kindle,,,
历史,耶路撒冷三千年,2018,Kindle,,,
历史,人类简史,2018,Kindle,,,
历史,无敌舰队,TODO,,,,
历史,中国大历史,TODO,,,,
历史,大英博物馆世界简史（123）,2019,,,,
历史,蒋介石传,TODO,,,,
历史,易中天中华史,TODO,,,,
历史,美国史,TODO,,,,
历史,全球通史,TODO,,,,
历史,从晚清到民国,2019,Kindle,,,
历史,奥斯曼帝国六百年,TODO,,,,
历史,历史的温度,TODO,,,,
历史,罗马帝国衰亡史,TODO,,,,
历史,罗马灭亡后的地中海,TODO,,,,
历史,毛泽东专政始末,2019,Kindle,,,
历史,美国人眼中最真实的越南战争,TODO,,,,
历史,审问欧洲,TODO,,,,
历史,晚清七十年,TODO,,,,
历史,现代日本史,TODO,,,,
历史,袁氏当国,TODO,,,,
历史,张学良口述历史,2019,Kindle,,,
历史,资治通鉴直解,TODO,,,,
历史,全球通史 1500年以后的世界,TODO,,,,
历史,分裂帝国：南北朝,TODO,,,,
历史,危险的边疆：有目的国与中国,TODO,,,,
历史,征服者：葡萄牙帝国的崛起,TODO,,,,
历史,挣扎的帝国：元与明,TODO,,,,
历史,金雀花王朝,TODO,,,,
历史,东周列国志,TODO,,,,
历史,光荣与梦想,TODO,,,,
历史,历史,TODO,,,,
历史,天国之秋,TODO,,,,
历史,最寒冷的冬天：美国人眼中的朝鲜战争,TODO,,,,
历史,段祺瑞证券,TODO,,,,
历史,中国历代政治得失,2019,图书馆,,,
历史,十字军的故事,TODO,,,,
历史,大博弈,TODO,,,,
历史,吕氏春秋注释,TODO,,,,
历史,企鹅欧洲史：地狱之行,TODO,,,,
历史,企鹅欧洲史：竞逐权利,TODO,,,,
历史,企鹅欧洲史：追逐荣耀,TODO,,,,
历史,企鹅欧洲史：基督教欧洲的巨变,TODO,,,,
历史,企鹅欧洲史：古典欧洲的诞生,TODO,,,,
历史,企鹅欧洲史：罗马帝国的遗产,TODO,,,,
历史,企鹅欧洲史：中世纪盛期的欧洲,TODO,,,,
历史,海都物语,TODO,,,,
历史,地中海史诗三部曲,TODO,,,,
历史,罗马的梦魇,TODO,,,,
历史,东晋门阀政治,2019,图书馆,,,
历史,以色列,TODO,,,,
历史,中国历史常识,TODO,,,,
历史,新全球史,TODO,,,,
历史,欧洲与没有历史的人,TODO,,,,
历史,千古一帝秦始皇,TODO,,,,
历史,全球科技通史,TODO,,,,
历史,地理与世界霸权,TODO,,,,
历史,英国通史,TODO,,,,
历史,城堡的故事,TODO,,,,
历史,李宗仁回忆录,2019,图书馆,,,
文学,金瓯缺,TODO,,,,
文学,七杀简史,TODO,,,,
文学,神经漫游者,2019,Kindle,,,
文学,消失的殖民星球,TODO,,,,
文学,十二怒汉,TODO,,,,
文学,复活,TODO,,,,
文学,邮差总按两遍铃,TODO,,,,
文学,浪花少年侦探团,TODO,,,,
文学,皮囊,TODO,,,,
文学,受戒,TODO,,,,
文学,平凡的世界,2019,,,,
文学,一半是海水一半是火焰,TODO,,,,
文学,天一言,TODO,,,,
文学,幽灵代笔,TODO,,,,
文学,二手时间,TODO,,,,
文学,斯通纳,TODO,,,,
文学,我与地坛,TODO,,,,
文学,十字角事件,TODO,,,,
文学,唐诗三百首评注,TODO,,,,
文学,人间词话,TODO,,,,
文学,美国讲稿,TODO,,,,
文学,雅舍谈吃,TODO,,,,
文学,空谷幽兰,TODO,,,,
文学,圣经,TODO,,,,
文学,无声的告白,TODO,,,,
文学,呼兰河传,TODO,,,,
文学,欧亨利短篇小说集,TODO,,,,
文学,穆斯林葬礼,TODO,,,,
文学,如丧,TODO,,,,
文学,官场笔记,TODO,,,,
文学,猎头游戏,TODO,,,,
文学,大江大河,TODO,,,,
文学,大江大海,TODO,,,,
文学,教父3,2018,Kindle,,,
文学,人间失格,TODO,,,,
文学,莎士比亚悲剧喜剧全集,TODO,,,,
文学,我们一无所有,TODO,,,,
文学,地狱变,TODO,,,,
文学,发条女孩,TODO,,,,
文学,爱与黑暗的故事,TODO,,,,
文学,四世同堂,TODO,,,,
文学,人间喜剧,TODO,,,,
文学,白轮船,TODO,,,,
文学,我不知道说什么，关于死亡还是爱情,TODO,,,,
文学,阿加莎克里斯蒂作品集,TODO,,,,
文学,漫长的告别,TODO,,,,
文学,龙枪正典,TODO,,,,
文学,血色浪漫,TODO,,,,
文学,平家物语,TODO,,,,
文学,海,TODO,,,,
文学,碟形世界（2-6）,TODO,,,,
文学,哈佛非虚构写作课,TODO,,,,
文学,Harry Potter （1-7）,TODO,,,,
文学,徒步中国,TODO,,,,
文学,鬼谷子,TODO,,,,
文学,唐诗宋词元曲三百首,TODO,,,,
文学,死亡通知单,TODO,,,,
文学,肯福莱特悬疑经典,TODO,,,,
文学,肯福莱特悬疑经典2,TODO,,,,
文学,麦田守望者,TODO,,,,
文学,苹果酒屋规则,TODO,,,,
文学,风暴岛,TODO,,,,
文学,先知，沙与沫,2019,图书馆,,,
文学,圣殿春秋,TODO,,,,
文学,杀死一只知更鸟,2019,Kindle,,,
文学,六祖坛经,TODO,,,,
文学,剑桥简明金庸武侠史,TODO,,,,
文学,福尔摩斯探案全集,TODO,,,,
文学,毛姆短篇小说精选集,TODO,,,,
文学,罪与罚,TODO,,,,
文学,古龙作品大合集,TODO,,,,
文学,传习录,TODO,,,,
文学,欧亨利短片小说101篇,TODO,,,,
文学,冯唐诗百首,TODO,,,,
文学,味道,TODO,,,,
文学,三十岁成人礼,TODO,,,,
文学,嫌疑人X的现身,2016,,,,
文学,写给青年小说家的信,2018,Kindle,,,
文学,凛冽的寒冬,2018,Kindle,,,
文学,北洋夜行记,2018,Kindle,,,
文学,百年法,2018,,,,
文学,世界的边缘,2018,Kindle,,,
文学,米格尔街,2017,,,,
文学,动物农场,2013,,,,
文学,一九八四,2013,,,,
文学,一个人上东京,2017,,,,
文学,火车,2016,,,,
文学,悉达多,2018,Kindle,,,
文学,黄金时代,2017,,,,
文学,阿西莫夫机器人短篇全集,2018,,,,
文学,阿西莫夫永恒的终结,2018,,,,
文学,刀锋,2018,,,,
文学,旅行 人生最有价值的投资,2016,,,,
文学,如何有效阅读一本书,2017,Kindle,,,
文学,恶棍列传,2017,,,,
文学,饥饿游戏（123）,2012,,,,
文学,三体（123）,2015,,,,
文学,The Alchemist,2017,,,,
文学,顾城哲思录,2017,,,,
文学,红楼梦,,,,,
文学,新宿鲛,2016,,,,
文学,一个人的朝圣,2012,,,,
文学,解忧杂货店,2014,Kindle,,,
文学,巨人的陨落,2018,Kindle,,,
文学,美国众神,2017,Kindle,,,
文学,莉莉和章鱼,2018,Kindle,,,
文学,岛上书店,2017,Kindle,,,
文学,月亮和六便士,2018,Kindle,,,
文学,做饭,2017,Kindle,,,
文学,流浪地球,2016,Kindle,,,
文学,北京法源寺,2015,Kindle,,,
文学,股票作手回忆录,2016,Kindle,,,
文学,神探伽利略,2015,,,,
文学,封神演义,2017,Kindle,,,
文学,看见,2011,Kindle,,,
文学,白夜行,2014,Kindle,,,
文学,莲花,2013,Kindle,,,
文学,猫和少年魔笛手,2016,Kindle,,,
文学,秘密,TODO,,,,
文学,神们自己,2018,,,,
文学,教父,2018,Kindle,,,
文学,教父2,2018,Kindle,,,
文学,教父3,2018,Kindle,,,
文学,北欧众神,2018,Kindle,,,
文学,野性的呼唤,2018,Kindle,,,
文学,牛棚杂记,TODO,,,,
文学,不完美风暴,TODO,,,,
文学,大唐狄公案,TODO,,,,
文学,霍比特人,TODO,,,,
文学,了不起的盖茨比,TODO,,,,
文学,这里的黎明静悄悄,TODO,,,,
文学,钟爱华传,TODO,,,,
文学,A Game Of Thrones,TODO,,,,
文学,罗生门,2019,Kindle,,,
文学,西游记,TODO,,,,
文学,镜花缘,TODO,,,,
文学,The Adventures of Sherlock Holmes,TODO,,,,
文学,白鹿原,2019,Kindle,,,
文学,不能承受的生命之轻,TODO,,,,
文学,约翰 克里斯朵夫,TODO,,,,
文学,霍乱时期的爱情,TODO,,,,
文学,一只特立独行的猪,TODO,,,,
文学,算法神探,TODO,,,,
文学,暗杀局,TODO,,,,
文学,傲慢与偏见,TODO,,,,
文学,悲惨世界,TODO,,,,
文学,局外人,TODO,,,,
文学,红与黑,TODO,,,,
文学,呼啸山庄,TODO,,,,
文学,朝圣者,TODO,,,,
文学,海伯利安,2019,图书馆,,,
文学,胡适文选,TODO,,,,
文学,天局,TODO,,,,
文学,悠游小说林,TODO,,,,
文学,胡适文集,TODO,,,,
文学,默读,TODO,,,,
文学,小王子,TODO,,,,
文学,莎士比亚四大悲剧,TODO,,,,
文学,神曲,TODO,,,,
文学,堂吉诃德,TODO,,,,
文学,零伯爵,TODO,,,,
文学,球状闪电,TODO,,,,
文学,重启蒙娜丽莎,2019,图书馆,,,
文学,时间回旋,TODO,,,,
文学,书读完了,TODO,,,,
文学,神经幻术士,TODO,,,,
文学,朝圣者,TODO,,,,
文学,赌神数学家,TODO,,,,
文学,巴黎圣母院,TODO,,,,
文学,蜘蛛男孩,TODO,,,,
文学,兄弟连,TODO,,,,
文学,弗格森自传,TODO,,,,
文学,蜘蛛网中的女孩,TODO,,,,
文学,直捣蜂窝的女孩,TODO,,,,
文学,玩火的女孩,TODO,,,,
文学,龙纹身女孩,TODO,,,,
文学,火焰中的秘密,TODO,,,,
文学,猴子 罗汉地,TODO,,,,
文学,灿烂千阳,TODO,,,,
文学,完美的真空,TODO,,,,
文学,新刻绣像批评金瓶梅,TODO,,,,
文学,海伯利安的陨落,2019,图书馆,,,
文学,2001 太空漫游,TODO,,,,
文学,炒股的智慧,TODO,,,,
文学,七本书带你走进间谍圈,TODO,,,,
文学,霍布斯鲍姆年代4部曲,TODO,,,,
文学,海伯利安2部,TODO,,,,
文学,辛弃疾词集,TODO,,,,
文学,人类群星闪耀时,TODO,,,,
文学,诗人,TODO,,,,
文学,犹太警察工会,TODO,,,,
文学,锅匠、裁缝、士兵、间谍,2019,图书馆,,,
文学,豺狼的日子,2019,Kindle,,,
文学,不老泉,2019,,,,
文学,辛丰年音乐文集6册,TODO,,,,
文学,哲学的故事,TODO,,,,
文学,劳伦斯禁书三部曲,TODO,,,,
文学,书上的爵士,TODO,,,,
文学,闲话闲说,TODO,,,,
文学,大师与玛格丽特,TODO,,,,
文学,古龙作品文集,TODO,,,,
文学,好兆头,TODO,,,,
文学,绝对笑喷之弃业医生日志,TODO,,,,
文学,空间三部曲,TODO,,,,
文学,邬达克,TODO,,,,
文学,严格岑长篇精品,TODO,,,,
文学,樱桃的滋味,TODO,,,,
文学,熬：极地求生700天,TODO,,,,
文学,忧郁的热带,TODO,,,,
文学,瓦尔登湖,2019,图书馆,,,
文学,壶里春秋,TODO,,,,
文学,李煜词集,TODO,,,,
文学,绿里,TODO,,,,
文学,乌有乡,TODO,,,,
文学,11/22/63,TODO,,,,
文学,万古江河,TODO,,,,
文学,西游记,TODO,,,,
文学,利维坦号战记,TODO,,,,
文学,白轮船,TODO,,,,
文学,编码宝典,TODO,,,,
文学,一个陌生女人的来信,TODO,,,,
文学,异乡人,TODO,,,,
文学,白鲸,TODO,,,,
文学,欧亨利短篇小说精选,TODO,,,,
文学,洪水之年,TODO,,,,
文学,史迈利三部曲,TODO,,,,
文学,白银时代,TODO,,,,
文学,呼啸山庄,TODO,,,,
文学,勒卡雷经典谍影系列,TODO,,,,
文学,碟形世界 零魔法巫师,2019,图书馆,,,
文学,无人生还,2019,图书馆,,,
文学,基督山伯爵,2019,图书馆,,,
文学,太古和其他的时间,TODO,,,,
文学,没有人给他写信的上校,TODO,,,,
文学,禅与摩托车修理的艺术,2019,图书馆,,,
文学,岛田庄司精选作品合集,TODO,,,,
文学,英国《金融时报》原文阅读精选集（1-3）,TODO,,,,
文学,占星术杀人魔法,2019,图书馆,,,
漫画,睡魔（5-7）+1,TODO,,,,
漫画,歪,TODO,,,,
漫画,Slam Dunk（24-31）,TODO,,,,
漫画,JoJo 的奇妙冒险8 （1-10）,TODO,,,,
漫画,龟有公园前派出所,TODO,,,,
漫画,V字仇杀队,,,,,
漫画,Watch Man,,,,,
漫画,蝙蝠侠 缄默,2012,,,,
漫画,Dead Pool,2013,,,,
漫画,镖人（1）,2018,,,,
漫画,Death Note（1-13）,2010,,,,
漫画,金田一事件簿,,,,,
漫画,黑猫警探（1-5）,2018,,,,
漫画,Transformers,2016,,,,
漫画,镖人（2）,2018,,,,
漫画,半小时漫画世界史,2019,,,,
漫画,钢铁西部,2018,,,,
漫画,睡魔4,2019,,,,
漫画,如果能重来我想做熊孩,2019,,,,
漫画,睡魔1,2018,,,,
漫画,睡魔2,2018,,,,
漫画,睡魔3,2018,,,,